epoch,loss,train classification accuracy,Classified as target,Average similarity with target,Average similarity with correct caption,test_loss,test classification accuracy,Test-Classified as target,Test-Average similarity with target,Test-Average similarity with correct caption,norm v
0,0.206657539,0.96828125,1.2,0.20487334,0.303870813,0.341334492,0.94921875,0.0234375,0.21686475,0.30971325,0.17927667
1,0.206135498,0.96265625,1.2,0.21766876,0.311331977,,,,,,
2,0.206069385,0.9671875,1.52,0.21928932,0.312236946,,,,,,
3,0.206030173,0.97046875,1.18,0.22025031,0.313396589,,,,,,
4,0.20598978,0.9646875,1.34,0.2212403,0.313386018,,,,,,
5,0.205980107,0.9665625,1.16,0.2214775,0.314164065,,,,,,
6,0.205986944,0.9690625,1.48,0.22130994,0.313465611,,,,,,
7,0.205949685,0.96765625,1.12,0.22222309,0.313872376,,,,,,
8,0.205941231,0.9678125,1.54,0.22243027,0.314288983,,,,,,
9,0.205950924,0.97109375,1.36,0.22219276,0.314162332,,,,,,
10,0.205922653,0.964375,1.32,0.22288582,0.314446145,,,,,,
11,0.205923654,0.9696875,1.5,0.22286114,0.31429593,,,,,,
12,0.205926907,0.9678125,1.44,0.22278136,0.314545271,,,,,,
13,0.205913647,0.966875,1.24,0.22310647,0.314922022,,,,,,
14,0.205911767,0.96703125,1.14,0.22315255,0.314719225,,,,,,
15,0.205917496,0.96859375,1,0.22301205,0.314422384,,,,,,
16,0.205917959,0.96671875,1.24,0.22300072,0.314640071,,,,,,
17,0.205912245,0.9671875,1.08,0.22314085,0.314989701,,,,,,
18,0.205881951,0.96859375,1.32,0.22388327,0.314994121,,,,,,
19,0.20590235,0.96828125,1.06,0.22338341,0.31481671,,,,,,
20,0.205889188,0.96765625,1.3,0.22370592,0.314967908,,,,,,
21,0.205885109,0.9690625,1.28,0.22380604,0.314907978,,,,,,
22,0.205888176,0.9696875,1.38,0.22373071,0.315067084,,,,,,
23,0.205890492,0.9690625,1.2,0.22367403,0.315093334,,,,,,
24,0.205877414,0.96953125,1.1,0.22399452,0.315279147,,,,,,
25,0.205860262,0.96484375,1.26,0.22441496,0.315275977,0.343004525,0.95703125,0.015625,0.22319719,0.315357122,0.6546103
26,0.205853337,0.96875,1.24,0.2245847,0.315524858,,,,,,
27,0.205864103,0.9690625,1.4,0.22432077,0.315201547,,,,,,
28,0.2058609,0.96765625,1,0.22439928,0.315427789,,,,,,
29,0.205850365,0.968125,1.38,0.22465748,0.315326569,,,,,,
30,0.205852576,0.9665625,1.32,0.22460337,0.315146582,,,,,,
31,0.205833681,0.96609375,1.68,0.22506636,0.315177873,,,,,,
32,0.205837599,0.9684375,1.36,0.22497042,0.316113222,,,,,,
33,0.20583458,0.96796875,1.2,0.22504443,0.31597671,,,,,,
34,0.205835335,0.96921875,1.26,0.2250259,0.315937608,,,,,,
35,0.205830844,0.96796875,1.04,0.22513592,0.315755624,,,,,,
36,0.20581206,0.95953125,1.28,0.22559638,0.31565565,,,,,,
37,0.205809779,0.9690625,1.28,0.22565228,0.316024312,,,,,,
38,0.205819786,0.9675,1.74,0.22540706,0.31532091,,,,,,
39,0.205808234,0.9696875,1.4,0.22569022,0.316139258,,,,,,
40,0.205815824,0.965625,1.3,0.22550406,0.316058986,,,,,,
41,0.205821713,0.9690625,1.12,0.22535983,0.31553606,,,,,,
42,0.205798959,0.96546875,1.22,0.22591743,0.315999002,,,,,,
43,0.205804887,0.9684375,1.46,0.22577229,0.316013002,,,,,,
44,0.205805458,0.96828125,1.32,0.2257582,0.315925634,,,,,,
45,0.205801711,0.96390625,1.46,0.22585005,0.316098424,,,,,,
46,0.205799834,0.970625,1.3,0.22589602,0.316572092,,,,,,
47,0.205794601,0.9665625,1.22,0.22602423,0.316135866,,,,,,
48,0.20578311,0.9659375,1.48,0.22630589,0.316337171,,,,,,
49,0.205786566,0.9621875,1.08,0.22622128,0.316116701,,,,,,
50,0.205807131,0.96546875,1.02,0.22571722,0.31626143,0.344495863,0.953125,0.01953125,0.22628002,0.31646607,0.9389997
51,0.20577406,0.9684375,1.24,0.22652784,0.316446419,,,,,,
52,0.205770589,0.96484375,1.4,0.22661282,0.31641088,,,,,,
53,0.20577637,0.9671875,1.26,0.22647125,0.316394855,,,,,,
54,0.205758461,0.9665625,1.5,0.22691016,0.316859163,,,,,,
55,0.205764867,0.96125,1.28,0.2267531,0.316636617,,,,,,
56,0.205768179,0.965625,1.38,0.22667192,0.31661182,,,,,,
57,0.20575248,0.96234375,1.34,0.22705671,0.316811573,,,,,,
58,0.205768649,0.96296875,1.3,0.2266605,0.31647033,,,,,,
59,0.205755885,0.96046875,1.4,0.22697319,0.316986796,,,,,,
60,0.205741216,0.96578125,1.34,0.2273328,0.317194183,,,,,,
61,0.205747634,0.9675,1.24,0.22717549,0.317081169,,,,,,
62,0.20574614,0.96453125,1.08,0.22721216,0.316627108,,,,,,
63,0.20575886,0.9671875,1.16,0.22690035,0.317186579,,,,,,
64,0.205728299,0.95796875,1.42,0.2276494,0.317065548,,,,,,
65,0.205738008,0.96328125,1.3,0.22741136,0.31706649,,,,,,
66,0.205737981,0.9659375,1.36,0.22741213,0.317547117,,,,,,
67,0.205730969,0.9640625,1.36,0.2275839,0.316945991,,,,,,
68,0.205732321,0.96484375,1,0.22755083,0.317246853,,,,,,
69,0.205714386,0.9609375,1.26,0.22799036,0.31737187,,,,,,
70,0.205716011,0.96328125,1.32,0.22795065,0.317232489,,,,,,
71,0.205720127,0.9646875,1.14,0.2278497,0.317682649,,,,,,
72,0.205713132,0.968125,1.5,0.22802113,0.31686543,,,,,,
73,0.20572037,0.96140625,1.22,0.22784372,0.317575359,,,,,,
74,0.205718396,0.96296875,1.12,0.22789212,0.317349486,,,,,,
75,0.205696886,0.9640625,1.3,0.22841936,0.317624901,0.344691098,0.96875,0.01171875,0.22819322,0.319995605,1.2029479
76,0.205703762,0.96375,1.5,0.22825083,0.317692984,,,,,,
77,0.205695905,0.9625,1.18,0.22844337,0.317490408,,,,,,
78,0.20569829,0.9628125,1.28,0.22838499,0.317527459,,,,,,
79,0.205698745,0.9603125,1.34,0.2283738,0.317093792,,,,,,
80,0.205690445,0.96484375,1.34,0.22857727,0.317530771,,,,,,
81,0.205688608,0.96265625,1.2,0.22862215,0.317440123,,,,,,
82,0.205697126,0.961875,1.1,0.22841349,0.317651783,,,,,,
83,0.205678239,0.96328125,1.54,0.22887647,0.318063526,,,,,,
84,0.205684428,0.96671875,1.38,0.22872455,0.318172484,,,,,,
85,0.205682442,0.96234375,1.2,0.22877337,0.317733322,,,,,,
86,0.205664465,0.96,1.5,0.22921404,0.317890821,,,,,,
87,0.205683644,0.9628125,1.2,0.22874384,0.317740519,,,,,,
88,0.205674741,0.9596875,1.3,0.2289621,0.317924479,,,,,,
89,0.20566304,0.96515625,1.66,0.22924899,0.317971258,,,,,,
90,0.205669087,0.96203125,0.76,0.2291007,0.317915019,,,,,,
91,0.205670426,0.9603125,1.26,0.22906789,0.317860428,,,,,,
92,0.205675314,0.96265625,1.14,0.22894803,0.317876055,,,,,,
93,0.205654093,0.960625,1.42,0.22946823,0.318169001,,,,,,
94,0.205661163,0.960625,1.2,0.22929493,0.318170769,,,,,,
95,0.205629086,0.96078125,1.66,0.2300811,0.318212028,,,,,,
96,0.205659842,0.9628125,1.28,0.22932729,0.31817592,,,,,,
97,0.205647568,0.96046875,1.5,0.22962813,0.31855364,,,,,,
98,0.205671113,0.9603125,1.04,0.22905104,0.31810045,,,,,,
99,0.205648383,0.9615625,1.6,0.22960818,0.317795663,,,,,,
100,0.205632601,0.9609375,1.4,0.22999503,0.318603757,0.345076621,0.953125,0.0078125,0.23000717,0.319642373,1.446982
101,0.205636229,0.9546875,1.26,0.22990613,0.317969003,,,,,,
102,0.2056363,0.9603125,1.58,0.22990426,0.31826171,,,,,,
103,0.205635569,0.95828125,1.2,0.22992225,0.318450525,,,,,,
104,0.205641535,0.96203125,1.38,0.22977605,0.318086936,,,,,,
105,0.205634924,0.95921875,1.34,0.22993805,0.318772923,,,,,,
106,0.20561437,0.961875,1.22,0.23044176,0.31870514,,,,,,
107,0.205626414,0.96421875,1.24,0.23014662,0.319036759,,,,,,
108,0.205621806,0.95828125,1.46,0.23025957,0.317973068,,,,,,
109,0.205624829,0.959375,1.2,0.23018551,0.318884686,,,,,,
110,0.205615529,0.9584375,1.14,0.23041351,0.318252833,,,,,,
111,0.205615599,0.9615625,1.18,0.23041172,0.318440941,,,,,,
112,0.205622393,0.95703125,1.3,0.23024517,0.318006188,,,,,,
113,0.205615543,0.959375,1.34,0.23041317,0.318486789,,,,,,
114,0.205625713,0.9590625,1.1,0.23016384,0.318255763,,,,,,
115,0.205614963,0.9575,1.18,0.23042732,0.318545256,,,,,,
116,0.205608366,0.95609375,1.52,0.23058903,0.318090087,,,,,,
117,0.205594171,0.96,1.52,0.23093691,0.318697104,,,,,,
118,0.205607447,0.95890625,1.4,0.23061147,0.318600283,,,,,,
119,0.205602998,0.96203125,1.22,0.2307206,0.319138622,,,,,,
120,0.205585482,0.95640625,1.38,0.23114993,0.318819568,,,,,,
121,0.205581946,0.9575,1.34,0.23123655,0.318666981,,,,,,
122,0.205590577,0.95984375,1.46,0.23102501,0.318857741,,,,,,
123,0.205596952,0.9575,1.38,0.23086877,0.318898256,,,,,,
124,0.205562588,0.96265625,1.56,0.231711,0.319335561,,,,,,
125,0.205582814,0.95859375,1.42,0.23121528,0.319200519,0.344071209,0.96484375,0.02734375,0.23043898,0.318137815,1.6913615
126,0.205581463,0.9628125,1.16,0.23124842,0.319369369,,,,,,
127,0.205575681,0.96171875,1.54,0.23139009,0.31861424,,,,,,
128,0.205580793,0.96703125,1.2,0.23126481,0.319631397,,,,,,
129,0.205570686,0.95734375,1.12,0.23151267,0.319123352,,,,,,
130,0.205571253,0.9596875,1.22,0.2314986,0.319246175,,,,,,
131,0.20557087,0.9621875,1.36,0.2315081,0.319506069,,,,,,
132,0.2055618,0.96484375,1.44,0.23173034,0.319056412,,,,,,
133,0.205584579,0.96015625,1.22,0.23117201,0.319017932,,,,,,
134,0.205560473,0.96203125,1.62,0.23176284,0.318840656,,,,,,
135,0.205563935,0.96109375,1.28,0.23167801,0.319031801,,,,,,
136,0.205551778,0.9590625,1.3,0.23197596,0.319196123,,,,,,
137,0.205550682,0.9621875,1.24,0.23200288,0.31926075,,,,,,
138,0.205560222,0.96265625,1.44,0.23176907,0.31948852,,,,,,
139,0.205553076,0.965625,1.7,0.23194422,0.319306508,,,,,,
140,0.205563779,0.96265625,1.44,0.23168188,0.318993305,,,,,,
141,0.205548729,0.95953125,1.3,0.23205076,0.31940788,,,,,,
142,0.205534398,0.965625,1.2,0.23240194,0.319182107,,,,,,
143,0.205531493,0.9625,1.38,0.23247318,0.319193387,,,,,,
144,0.20555272,0.9571875,1.06,0.23195288,0.319059072,,,,,,
145,0.205539862,0.96171875,1.36,0.23226807,0.31926554,,,,,,
146,0.205532477,0.95765625,1.32,0.2324491,0.319708564,,,,,,
147,0.20554465,0.95875,1.02,0.23215075,0.319157668,,,,,,
148,0.205538279,0.95546875,1.3,0.23230684,0.319361036,,,,,,
149,0.205524231,0.95984375,1.2,0.23265119,0.319758301,,,,,,
150,0.205550081,0.95890625,1.46,0.23201767,0.319261333,0.346270978,0.96875,0,0.22969948,0.320410498,1.9298718
151,0.205514844,0.96125,1.54,0.23288126,0.319422818,,,,,,
152,0.205536044,0.960625,1.14,0.23236158,0.319521619,,,,,,
153,0.205525213,0.96078125,1.5,0.23262717,0.319225897,,,,,,
154,0.205516323,0.95671875,1.46,0.23284502,0.319505977,,,,,,
155,0.205524587,0.9596875,1.54,0.2326426,0.319550352,,,,,,
156,0.205505087,0.95546875,1.54,0.23312035,0.31926551,,,,,,
157,0.205524653,0.96109375,1.22,0.2326408,0.31948651,,,,,,
158,0.20551689,0.95484375,1.06,0.23283118,0.319432986,,,,,,
159,0.205512933,0.9578125,1.2,0.23292805,0.319745578,,,,,,
160,0.205529326,0.95984375,1.08,0.23252635,0.319109421,,,,,,
161,0.205517736,0.95828125,1.24,0.23281038,0.319664987,,,,,,
162,0.205507689,0.9596875,1.34,0.2330566,0.319966573,,,,,,
163,0.205506854,0.95875,1.08,0.23307699,0.319834148,,,,,,
164,0.205526351,0.9596875,1.4,0.23259918,0.319506743,,,,,,
165,0.20550461,0.95953125,1.46,0.23313211,0.319595425,,,,,,
166,0.205512869,0.96015625,1.16,0.23292969,0.31978808,,,,,,
167,0.205503786,0.95515625,1.34,0.23315227,0.319758483,,,,,,
168,0.205497207,0.96078125,1.7,0.2333136,0.319485845,,,,,,
169,0.205497921,0.96125,1.54,0.23329607,0.319698527,,,,,,
170,0.205506758,0.9553125,1.36,0.23307943,0.319562029,,,,,,
171,0.205502439,0.9571875,1.26,0.23318537,0.319275683,,,,,,
172,0.205495066,0.9546875,1.36,0.23336597,0.319230449,,,,,,
173,0.205503101,0.96078125,1.02,0.23316906,0.319730678,,,,,,
174,0.205499938,0.95671875,1.28,0.23324668,0.319599072,,,,,,
175,0.205494554,0.9584375,1.26,0.2333785,0.319789487,0.346267045,0.9609375,0.015625,0.23147193,0.319832429,2.1458802
176,0.205485226,0.95828125,1.38,0.23360722,0.319620855,,,,,,
177,0.205496426,0.958125,1.18,0.23333277,0.319278366,,,,,,
178,0.205497985,0.95671875,1.24,0.23329453,0.319713401,,,,,,
179,0.205482697,0.95015625,1.06,0.23366922,0.319449435,,,,,,
180,0.205479057,0.960625,1.48,0.23375836,0.319859604,,,,,,
181,0.20548944,0.9559375,1.48,0.23350394,0.319628758,,,,,,
182,0.205484665,0.95765625,1.52,0.2336209,0.319814086,,,,,,
183,0.205481853,0.95765625,1.16,0.23368986,0.319918445,,,,,,
184,0.205478548,0.95796875,1.36,0.23377089,0.319825187,,,,,,
185,0.205482858,0.954375,1.1,0.23366518,0.319470046,,,,,,
186,0.205475255,0.96390625,1.14,0.23385157,0.319720585,,,,,,
187,0.20548693,0.9565625,1.1,0.23356542,0.319300287,,,,,,
188,0.205478036,0.9565625,1.16,0.23378345,0.319637232,,,,,,
189,0.205480564,0.9521875,1.42,0.23372154,0.319511382,,,,,,
190,0.205469026,0.95609375,1.4,0.23400429,0.319957612,,,,,,
191,0.205464318,0.95453125,1.32,0.23411974,0.319614524,,,,,,
192,0.205470134,0.954375,1.14,0.2339771,0.31923184,,,,,,
193,0.205473786,0.9546875,1.16,0.23388772,0.31943802,,,,,,
194,0.205470532,0.95875,1.06,0.23396738,0.320049491,,,,,,
195,0.205461164,0.9615625,1.38,0.234197,0.31987616,,,,,,
196,0.205463773,0.959375,1.18,0.23413312,0.31976597,,,,,,
197,0.205458859,0.95546875,1.46,0.23425345,0.319619057,,,,,,
198,0.205464122,0.95640625,1.08,0.23412448,0.319802831,,,,,,
199,0.205454066,0.95875,1.3,0.23437093,0.319582124,,,,,,
200,0.205452927,0.956875,1.12,0.23439896,0.319539964,0.345680237,0.9609375,0.01953125,0.23340888,0.319836516,2.34079
201,0.205467843,0.9575,1.16,0.23403329,0.319611651,,,,,,
202,0.205452743,0.9571875,1.3,0.23440336,0.319958338,,,,,,
203,0.205451409,0.9609375,1.4,0.2344361,0.319993401,,,,,,
204,0.205458675,0.95421875,1,0.234258,0.319496194,,,,,,
205,0.205445521,0.95453125,1.3,0.2345804,0.319595123,,,,,,
206,0.205449725,0.95578125,1.62,0.23447731,0.319789182,,,,,,
207,0.205458403,0.9628125,1.3,0.23426473,0.319890246,,,,,,
208,0.205456838,0.9609375,1.22,0.23430304,0.31967626,,,,,,
209,0.205454018,0.94828125,1.48,0.23437206,0.319182262,,,,,,
210,0.205448917,0.9559375,1.4,0.23449726,0.319733548,,,,,,
211,0.205446278,0.9571875,1.24,0.23456183,0.319919657,,,,,,
212,0.205458313,0.95796875,1.02,0.23426683,0.320051388,,,,,,
213,0.205445053,0.9584375,1.38,0.23459184,0.319484259,,,,,,
214,0.205457821,0.955625,1.28,0.23427895,0.319794257,,,,,,
215,0.205449404,0.95640625,1.02,0.2344852,0.319576319,,,,,,
216,0.205453768,0.9540625,1.36,0.23437826,0.319422792,,,,,,
217,0.205461145,0.9590625,1.06,0.23419747,0.31997128,,,,,,
218,0.205449111,0.9534375,1.28,0.23449239,0.319389254,,,,,,
219,0.205457176,0.95640625,1.06,0.23429476,0.319418994,,,,,,
220,0.205440662,0.95578125,1.26,0.2346994,0.319458316,,,,,,
221,0.205441588,0.9528125,1.14,0.23467669,0.319721977,,,,,,
222,0.205452276,0.95140625,1.4,0.23441479,0.319316279,,,,,,
223,0.205446877,0.96015625,1.4,0.23454721,0.319869186,,,,,,
224,0.205429299,0.95171875,1.38,0.23497805,0.319828362,,,,,,
225,0.205443268,0.9546875,1.24,0.23463564,0.319543605,0.34928301,0.97265625,0.01171875,0.23379987,0.320928819,2.5207398
226,0.20545097,0.95421875,1.04,0.23444681,0.319818438,,,,,,
227,0.20542254,0.95203125,1.36,0.23514366,0.319506947,,,,,,
228,0.205453998,0.95921875,0.92,0.23437257,0.320242359,,,,,,
229,0.205433755,0.95546875,1.36,0.23486885,0.319551631,,,,,,
230,0.205436945,0.9546875,1.22,0.23479055,0.319623873,,,,,,
231,0.205436151,0.95578125,1.2,0.23481001,0.319686624,,,,,,
232,0.205426072,0.956875,1.3,0.23505709,0.319739292,,,,,,
233,0.205413677,0.9553125,1.42,0.23536097,0.319799283,,,,,,
234,0.205429707,0.9490625,1.4,0.234968,0.319648701,,,,,,
235,0.205438959,0.95359375,1.28,0.2347413,0.319294205,,,,,,
236,0.205426809,0.95875,1.36,0.23503903,0.319996042,,,,,,
237,0.2054402,0.95390625,1.16,0.2347109,0.319609335,,,,,,
238,0.205422877,0.95765625,1.38,0.23513544,0.319787669,,,,,,
239,0.205427773,0.95609375,1.12,0.23501551,0.319821142,,,,,,
240,0.205423786,0.95296875,1.14,0.23511307,0.31980117,,,,,,
241,0.205414332,0.96015625,1.34,0.23534495,0.319646037,,,,,,
242,0.205408882,0.9571875,1.44,0.23547846,0.319692056,,,,,,
243,0.205422908,0.96140625,0.96,0.23513466,0.32009501,,,,,,
244,0.205407808,0.95078125,1.58,0.23550472,0.319678376,,,,,,
245,0.205401552,0.9590625,1.16,0.23565808,0.319950296,,,,,,
246,0.20539817,0.95859375,1.44,0.23574102,0.320133255,,,,,,
247,0.205421279,0.95234375,1.3,0.23517457,0.319618734,,,,,,
248,0.205403128,0.95625,1.52,0.23561943,0.319754812,,,,,,
249,0.205399303,0.953125,1.2,0.23571329,0.319761513,,,,,,
250,0.205404051,0.95359375,1.28,0.2355968,0.319599701,0.348463953,0.96484375,0.015625,0.23439309,0.319214981,2.6945462
251,0.205403116,0.95609375,1,0.2356197,0.319346177,,,,,,
252,0.205407429,0.9534375,1.38,0.23551401,0.319561437,,,,,,
253,0.205406919,0.95796875,1.48,0.2355265,0.319950769,,,,,,
254,0.205398037,0.954375,1.44,0.23574425,0.319571981,,,,,,
255,0.205392649,0.958125,1.24,0.23587635,0.319887062,,,,,,
256,0.205399013,0.95453125,1.38,0.23572041,0.319922838,,,,,,
257,0.205381734,0.95203125,1.4,0.23614392,0.319969657,,,,,,
258,0.205409264,0.95328125,0.98,0.23546907,0.32013644,,,,,,
259,0.20537852,0.95140625,1.58,0.23622257,0.319434934,,,,,,
260,0.20539006,0.95203125,1.3,0.23593977,0.319917578,,,,,,
261,0.205383483,0.9509375,1.26,0.23610106,0.319442372,,,,,,
262,0.205379867,0.95140625,1.3,0.23618963,0.319620866,,,,,,
263,0.205384648,0.955,1.04,0.23607253,0.319669451,,,,,,
264,0.205380223,0.95,1.12,0.2361809,0.319110819,,,,,,
265,0.20539052,0.9575,1.16,0.23592849,0.320022024,,,,,,
266,0.205375904,0.9490625,1.16,0.23628676,0.319716734,,,,,,
267,0.20539707,0.95515625,1.1,0.23576798,0.319816266,,,,,,
268,0.205381584,0.95359375,1.26,0.23614752,0.319823232,,,,,,
269,0.205367443,0.95015625,1.42,0.23649414,0.319681045,,,,,,
270,0.205365742,0.948125,1.3,0.23653582,0.319640416,,,,,,
271,0.205367065,0.9509375,1.42,0.2365034,0.319489403,,,,,,
272,0.205378516,0.95375,1.08,0.23622273,0.31977995,,,,,,
273,0.205370873,0.95328125,1.04,0.23641008,0.319648801,,,,,,
274,0.205362652,0.95265625,1.36,0.23661159,0.319649975,,,,,,
275,0.205374874,0.949375,1.02,0.236312,0.31921658,0.349863857,0.96484375,0.0078125,0.23393047,0.319760396,2.8688438
276,0.205376247,0.9546875,1.26,0.23627825,0.319319617,,,,,,
277,0.205353201,0.94953125,1.4,0.2368432,0.319561657,,,,,,
278,0.20537129,0.95015625,1.18,0.23639978,0.319676397,,,,,,
279,0.205365266,0.9534375,1.46,0.23654746,0.319810783,,,,,,
280,0.205366398,0.949375,1.08,0.2365197,0.31956511,,,,,,
281,0.205343497,0.95640625,1.66,0.23708107,0.319946061,,,,,,
282,0.205363071,0.94828125,1.22,0.23660128,0.319403877,,,,,,
283,0.205358498,0.95265625,1.28,0.23671347,0.320119675,,,,,,
284,0.205349691,0.95875,1.06,0.23692924,0.319860333,,,,,,
285,0.205350525,0.950625,1.28,0.2369088,0.319661176,,,,,,
286,0.205351625,0.95578125,1.14,0.23688182,0.319746215,,,,,,
287,0.205342101,0.9534375,1.54,0.2371152,0.319451365,,,,,,
288,0.205358323,0.95015625,1.34,0.23671763,0.319487914,,,,,,
289,0.205329074,0.95046875,1.3,0.23743458,0.319630025,,,,,,
290,0.205345855,0.94796875,1.12,0.23702323,0.319480662,,,,,,
291,0.205337058,0.95734375,1.18,0.23723887,0.31960017,,,,,,
292,0.205325807,0.95453125,1.22,0.23751475,0.319369985,,,,,,
293,0.205336937,0.9490625,1,0.23724182,0.319551312,,,,,,
294,0.20532319,0.95203125,1.46,0.23757881,0.319432689,,,,,,
295,0.205324509,0.95515625,1.32,0.23754644,0.319580857,,,,,,
296,0.205331174,0.95015625,1.34,0.23738304,0.319715031,,,,,,
297,0.205326491,0.9521875,1.22,0.23749788,0.319553215,,,,,,
298,0.205322948,0.95125,1.3,0.23758474,0.31917047,,,,,,
299,0.205304818,0.9503125,1.24,0.23802914,0.319791577,,,,,,
300,0.205319263,0.95421875,1.38,0.23767498,0.319440284,0.348508418,0.9609375,0.0234375,0.23792377,0.31837723,3.0555253
301,0.205311807,0.95484375,1.32,0.23785786,0.319836498,,,,,,
302,0.205306168,0.94921875,1.08,0.23799595,0.319299746,,,,,,
303,0.20529651,0.95109375,1.46,0.23823269,0.319371229,,,,,,
304,0.205301282,0.9559375,1.36,0.23811574,0.31938171,,,,,,
305,0.205293053,0.95296875,1.1,0.23831744,0.319445499,,,,,,
306,0.205285626,0.9515625,1.38,0.23849957,0.319049276,,,,,,
307,0.205290664,0.94953125,1.02,0.23837607,0.319425389,,,,,,
308,0.205276885,0.95078125,1.58,0.23871379,0.318998253,,,,,,
309,0.205275649,0.94765625,1.32,0.23874405,0.319329679,,,,,,
310,0.205267507,0.951875,1.4,0.23894358,0.319040685,,,,,,
311,0.205268981,0.946875,1.08,0.23890743,0.31940738,,,,,,
312,0.20525982,0.95625,1.24,0.2391321,0.319102814,,,,,,
313,0.20523322,0.95546875,1.1,0.23978405,0.31961551,,,,,,
314,0.2052383,0.94765625,1.48,0.23965949,0.319044417,,,,,,
315,0.205234463,0.94984375,1.4,0.23975351,0.318975656,,,,,,
316,0.205230864,0.95296875,1.36,0.23984176,0.318862993,,,,,,
317,0.205205134,0.95171875,1.42,0.24047238,0.319031873,,,,,,
318,0.205154541,0.9490625,1.44,0.2417125,0.318698763,,,,,,
319,0.205120938,0.9475,1.22,0.24253607,0.318517428,,,,,,
320,0.20509242,0.9409375,1.3,0.24323505,0.318166633,,,,,,
321,0.205030923,0.944375,2.14,0.24474233,0.318516533,,,,,,
322,0.204943413,0.9284375,3.36,0.2468873,0.318043989,,,,,,
323,0.20481548,0.9184375,6.04,0.25002298,0.31781759,,,,,,
324,0.204734728,0.90125,8.32,0.25200233,0.317535826,,,,,,
325,0.204655973,0.88265625,10.84,0.2539326,0.317280535,0.340423018,0.921875,0.08203125,0.25516063,0.319007545,3.3047428
326,0.204573428,0.86921875,12.16,0.25595585,0.316842318,,,,,,
327,0.204506324,0.853125,14.22,0.2576005,0.316319284,,,,,,
328,0.204458679,0.84015625,16.02,0.25876826,0.315990375,,,,,,
329,0.20443485,0.84015625,16.46,0.25935245,0.315982252,,,,,,
330,0.204388176,0.83125,18.18,0.26049644,0.315332076,,,,,,
331,0.204346698,0.82390625,19.08,0.26151305,0.315379487,,,,,,
332,0.2043048,0.819375,19.58,0.26253995,0.315492913,,,,,,
333,0.204248911,0.80828125,21.04,0.26390982,0.315196649,,,,,,
334,0.2042127,0.79609375,22.22,0.26479742,0.31477006,,,,,,
335,0.20420234,0.7959375,22.6,0.26505128,0.314901544,,,,,,
336,0.204163863,0.79375,22.8,0.26599437,0.315010518,,,,,,
337,0.204162848,0.7896875,23.44,0.2660193,0.314789835,,,,,,
338,0.20409684,0.7778125,24.4,0.26763713,0.314030044,,,,,,
339,0.204077714,0.7725,26.34,0.26810595,0.314406695,,,,,,
340,0.204066475,0.7775,25.28,0.26838142,0.314471889,,,,,,
341,0.204038955,0.76328125,27.24,0.26905602,0.313673886,,,,,,
342,0.203993175,0.76375,27.84,0.27017808,0.313976943,,,,,,
343,0.204001814,0.755,28.22,0.26996627,0.3136304,,,,,,
344,0.203941027,0.7515625,29.08,0.2714562,0.313381886,,,,,,
345,0.203897826,0.72828125,32.02,0.27251506,0.313211295,,,,,,
346,0.203882717,0.7315625,31.16,0.27288535,0.313213552,,,,,,
347,0.203900369,0.73734375,30.76,0.27245277,0.31317852,,,,,,
348,0.203861597,0.72921875,31.46,0.27340302,0.312835968,,,,,,
349,0.203815034,0.7265625,32.42,0.27454433,0.313143669,,,,,,
350,0.203823244,0.72046875,33.44,0.27434325,0.312717456,0.329451144,0.71484375,0.2734375,0.27750605,0.310840403,3.7742617
351,0.203762335,0.7078125,35.38,0.27583608,0.312715005,,,,,,
352,0.203761862,0.7146875,34.16,0.27584764,0.31257173,,,,,,
353,0.203779946,0.710625,34.36,0.2754044,0.312520245,,,,,,
354,0.203753566,0.71109375,34.9,0.27605093,0.31271427,,,,,,
355,0.203752399,0.703125,35.28,0.27607954,0.312329568,,,,,,
356,0.203686559,0.69859375,36.36,0.27769336,0.312070515,,,,,,
357,0.203689281,0.6953125,36.7,0.2776266,0.312280054,,,,,,
358,0.203686513,0.6865625,37.84,0.2776945,0.311864438,,,,,,
359,0.203624473,0.678125,38.98,0.2792151,0.311946669,,,,,,
360,0.20364967,0.67390625,39.34,0.2785975,0.311527645,,,,,,
361,0.203670983,0.6871875,37.7,0.27807507,0.311684848,,,,,,
362,0.2035979,0.66921875,40,0.27986634,0.311237216,,,,,,
363,0.203603434,0.676875,38.76,0.27973068,0.311529613,,,,,,
364,0.20359035,0.67578125,40.14,0.2800514,0.311807313,,,,,,
365,0.203556917,0.659375,41.56,0.2808708,0.31145328,,,,,,
366,0.203586071,0.6671875,40.64,0.28015625,0.311507373,,,,,,
367,0.20358848,0.66859375,40.16,0.28009734,0.311086583,,,,,,
368,0.203574377,0.66546875,40.6,0.28044295,0.311336473,,,,,,
369,0.203500114,0.6421875,44.5,0.2822632,0.310548661,,,,,,
370,0.20352546,0.64359375,43.4,0.28164187,0.310928444,,,,,,
371,0.203492932,0.64078125,43.82,0.2824392,0.31092011,,,,,,
372,0.203482613,0.6409375,43.8,0.2826921,0.310717,,,,,,
373,0.203491204,0.64609375,43.1,0.28248155,0.311387215,,,,,,
374,0.203464665,0.63078125,45.26,0.28313202,0.310237573,,,,,,
375,0.203433328,0.6296875,45.1,0.2839001,0.310536216,0.328143805,0.6484375,0.35546875,0.2834254,0.310543152,4.23572
376,0.20340668,0.62203125,46.62,0.2845533,0.310179059,,,,,,
377,0.203413039,0.62703125,45.58,0.28439736,0.310824194,,,,,,
378,0.203418636,0.61578125,46.34,0.28426024,0.310005011,,,,,,
379,0.20341753,0.610625,47.46,0.28428736,0.310247125,,,,,,
380,0.203394109,0.60546875,48.14,0.28486145,0.309939414,,,,,,
381,0.203418618,0.6209375,46.12,0.28426063,0.310221977,,,,,,
382,0.203382368,0.61546875,47.52,0.28514916,0.310212942,,,,,,
383,0.203365325,0.60953125,48.32,0.28556693,0.310054044,,,,,,
384,0.20336636,0.6075,48.04,0.28554153,0.310125912,,,,,,
385,0.20335681,0.6115625,47.66,0.28577557,0.310245311,,,,,,
386,0.203345899,0.603125,48.66,0.28604305,0.309836683,,,,,,
387,0.20332946,0.595625,49.42,0.28644592,0.309304761,,,,,,
388,0.203357655,0.60625,48.96,0.2857549,0.309752088,,,,,,
389,0.203332768,0.5840625,51.06,0.2863649,0.309234555,,,,,,
390,0.203305721,0.59203125,49.96,0.28702784,0.309884284,,,,,,
391,0.203289841,0.585625,51.14,0.28741705,0.309467328,,,,,,
392,0.203299529,0.5984375,50.32,0.28717956,0.309756426,,,,,,
393,0.203271506,0.58375,51.46,0.28786644,0.309210549,,,,,,
394,0.203241582,0.5803125,52.1,0.28859997,0.309146798,,,,,,
395,0.203256061,0.5778125,52.54,0.28824502,0.309132072,,,,,,
396,0.203258343,0.57953125,51.64,0.28818908,0.309153937,,,,,,
397,0.20323081,0.5678125,53.98,0.28886393,0.308603327,,,,,,
398,0.203213733,0.57484375,52.8,0.2892825,0.308932753,,,,,,
399,0.203230349,0.57453125,52.66,0.28887522,0.308977222,,,,,,
400,0.203248494,0.56484375,53.98,0.28843045,0.308758339,0.322877169,0.51171875,0.4765625,0.2949568,0.307000849,4.66266
401,0.203247248,0.5728125,52.64,0.2884611,0.308983027,,,,,,
402,0.203200803,0.56875,53.32,0.2895995,0.308875027,,,,,,
403,0.203194595,0.5671875,53.52,0.28975162,0.308673958,,,,,,
404,0.203210805,0.56515625,53.14,0.2893543,0.308966713,,,,,,
405,0.203177189,0.55921875,54.24,0.29017824,0.30847315,,,,,,
406,0.203192749,0.56015625,54.72,0.2897968,0.308531066,,,,,,
407,0.203160075,0.54875,55.8,0.29059762,0.308204204,,,,,,
408,0.203135858,0.55078125,55.92,0.29119128,0.308671674,,,,,,
409,0.203141614,0.55015625,55.5,0.2910502,0.308375924,,,,,,
410,0.203150831,0.5540625,55.08,0.2908243,0.308057859,,,,,,
411,0.203135655,0.54921875,56.16,0.29119617,0.30867052,,,,,,
412,0.203132801,0.545625,56.12,0.2912662,0.308312407,,,,,,
413,0.203106152,0.5475,55.84,0.29191935,0.308332788,,,,,,
414,0.203111579,0.54328125,57.06,0.29178634,0.308132035,,,,,,
415,0.203110725,0.53953125,57.28,0.2918073,0.308174685,,,,,,
416,0.203089889,0.53609375,58.16,0.29231793,0.307823246,,,,,,
417,0.203067977,0.53203125,58.36,0.29285505,0.308000258,,,,,,
418,0.203115222,0.53828125,57.46,0.2916971,0.307876728,,,,,,
419,0.203103653,0.54140625,57.18,0.2919806,0.307818425,,,,,,
420,0.203089951,0.531875,58.34,0.29231647,0.308050002,,,,,,
421,0.203096495,0.534375,57.82,0.29215607,0.307661141,,,,,,
422,0.20306716,0.5184375,59.76,0.29287505,0.307614722,,,,,,
423,0.203042505,0.5240625,59.72,0.29347935,0.307271416,,,,,,
424,0.203056072,0.5196875,59.76,0.2931469,0.307616251,,,,,,
425,0.203058513,0.52421875,59.18,0.2930871,0.307306363,0.32447204,0.546875,0.46875,0.29225528,0.308975636,5.0589576
426,0.203034357,0.5253125,59.48,0.29367915,0.307411883,,,,,,
427,0.203038448,0.53359375,58.3,0.29357874,0.307728133,,,,,,
428,0.203056412,0.526875,58.96,0.29313844,0.307755339,,,,,,
429,0.203013826,0.51703125,60.48,0.2941822,0.307299884,,,,,,
430,0.203006991,0.51234375,61.08,0.29434988,0.307234172,,,,,,
431,0.203000684,0.51875,60.74,0.29450443,0.30741762,,,,,,
432,0.203015353,0.52015625,60.54,0.29414484,0.307291585,,,,,,
433,0.203005885,0.5146875,61.26,0.29437697,0.307394626,,,,,,
434,0.202981195,0.5078125,61.42,0.2949822,0.306910771,,,,,,
435,0.203011352,0.50375,61.8,0.29424292,0.306965013,,,,,,
436,0.202972262,0.49828125,63.06,0.2952011,0.306702889,,,,,,
437,0.202981096,0.49828125,62.96,0.29498455,0.306956521,,,,,,
438,0.202956433,0.49375,63.6,0.29558903,0.307198268,,,,,,
439,0.202976518,0.504375,61.88,0.29509673,0.307124382,,,,,,
440,0.202978023,0.50421875,62,0.29505992,0.307090425,,,,,,
441,0.202962764,0.4971875,62.9,0.29543388,0.306726812,,,,,,
442,0.202935439,0.490625,63.76,0.2961036,0.306500165,,,,,,
443,0.202930303,0.48234375,64.98,0.29622954,0.306450263,,,,,,
444,0.202964514,0.49625,63,0.2953909,0.306700235,,,,,,
445,0.202917295,0.47828125,65.98,0.29654828,0.306108851,,,,,,
446,0.20295752,0.48625,64.26,0.29556245,0.30650569,,,,,,
447,0.202952376,0.495625,63.46,0.2956885,0.306540033,,,,,,
448,0.202911887,0.47796875,65.42,0.29668084,0.306244427,,,,,,
449,0.202918973,0.48453125,64.72,0.2965072,0.306473877,,,,,,
450,0.202905404,0.4759375,66,0.29683983,0.306313963,0.324134082,0.4609375,0.5390625,0.29641685,0.304663432,5.411778
451,0.202931577,0.47796875,65.88,0.29619834,0.305826716,,,,,,
452,0.202947666,0.4859375,64.5,0.29580393,0.306505008,,,,,,
453,0.202899995,0.47734375,65.92,0.2969723,0.306232322,,,,,,
454,0.202922184,0.47515625,66.3,0.29642838,0.306458689,,,,,,
455,0.202891516,0.4778125,66.02,0.29718018,0.306302045,,,,,,
456,0.202899658,0.4703125,66.72,0.29698062,0.306253927,,,,,,
457,0.202894554,0.46984375,66.64,0.2971057,0.305751681,,,,,,
458,0.2028918,0.4665625,67.38,0.29717317,0.306456103,,,,,,
459,0.202881793,0.46984375,67.14,0.29741848,0.306229941,,,,,,
460,0.202868604,0.4584375,68.26,0.2977417,0.30580511,,,,,,
461,0.202872628,0.45703125,68.6,0.2976431,0.305547319,,,,,,
462,0.202886216,0.46375,67.56,0.29731014,0.30590431,,,,,,
463,0.20286386,0.4575,68.46,0.2978581,0.305888417,,,,,,
464,0.202858242,0.4596875,68.06,0.29799575,0.305475202,,,,,,
465,0.202861197,0.45578125,69.06,0.2979233,0.30590326,,,,,,
466,0.202857075,0.4575,68.26,0.29802427,0.305925339,,,,,,
467,0.202813186,0.4371875,71.16,0.29910004,0.30483721,,,,,,
468,0.202861938,0.45,69.06,0.29790515,0.305606753,,,,,,
469,0.202845917,0.44140625,70.16,0.2982978,0.305365246,,,,,,
470,0.202844777,0.445625,69.64,0.29832578,0.305507684,,,,,,
471,0.202839088,0.46546875,67.98,0.29846516,0.305941427,,,,,,
472,0.202848898,0.451875,69.68,0.2982247,0.305648391,,,,,,
473,0.202846471,0.44390625,69.82,0.29828417,0.305339211,,,,,,
474,0.202830831,0.4465625,70.28,0.29866752,0.305613829,,,,,,
475,0.20281689,0.434375,71.44,0.29900935,0.305222552,0.324810535,0.46484375,0.5390625,0.2975202,0.30607466,5.724007
476,0.202840641,0.4521875,69.3,0.29842713,0.305394873,,,,,,
477,0.202821837,0.45,69.9,0.29888806,0.305316201,,,,,,
478,0.202834633,0.44265625,70.44,0.2985744,0.305464472,,,,,,
479,0.20283773,0.43625,71.2,0.29849848,0.304991822,,,,,,
480,0.202792821,0.4221875,72.8,0.2995992,0.304937624,,,,,,
481,0.202817085,0.43265625,71.84,0.2990045,0.305130572,,,,,,
482,0.202792518,0.44265625,70.42,0.29960668,0.30529169,,,,,,
483,0.202812705,0.4434375,70.92,0.29911178,0.305335407,,,,,,
484,0.202795655,0.4384375,70.8,0.29952967,0.305267348,,,,,,
485,0.202795356,0.435,71.34,0.29953706,0.305170401,,,,,,
486,0.202777906,0.42484375,73.32,0.29996485,0.304331244,,,,,,
487,0.202802989,0.4178125,73.84,0.29935,0.304817094,,,,,,
488,0.202795885,0.4290625,72.64,0.29952416,0.30490985,,,,,,
489,0.202775826,0.42046875,73.66,0.30001575,0.304706969,,,,,,
490,0.202767462,0.40890625,75.36,0.30022073,0.304504078,,,,,,
491,0.20278134,0.418125,73.26,0.2998806,0.304547068,,,,,,
492,0.202791002,0.416875,74.16,0.2996438,0.304542631,,,,,,
493,0.202789116,0.421875,73.18,0.2996901,0.304946542,,,,,,
494,0.202767839,0.41671875,74.26,0.30021158,0.304633587,,,,,,
495,0.202778311,0.42828125,73.3,0.29995477,0.30486043,,,,,,
496,0.202773002,0.4184375,74.22,0.30008498,0.304417976,,,,,,
497,0.202798849,0.42109375,73.5,0.29945147,0.304805017,,,,,,
498,0.202730888,0.40921875,74.72,0.30111724,0.304241508,,,,,,
499,0.202783605,0.421875,73.22,0.29982516,0.30473207,,,,,,
500,0.202754792,0.41015625,74.76,0.3005313,0.304654201,0.32303679,0.41015625,0.6015625,0.30377913,0.305251629,6.012511
501,0.202757725,0.41484375,74.88,0.30045944,0.304626628,,,,,,
502,0.202753304,0.40953125,74.84,0.3005678,0.304348149,,,,,,
503,0.202748875,0.41,74.62,0.30067638,0.304517956,,,,,,
504,0.202752886,0.408125,75.32,0.30057806,0.304384389,,,,,,
505,0.202746558,0.41046875,75.02,0.30073312,0.304282858,,,,,,
506,0.202729834,0.4034375,75.06,0.3011431,0.303960612,,,,,,
507,0.20275697,0.41484375,74.38,0.300478,0.304444008,,,,,,
508,0.202742952,0.40796875,75.5,0.30082154,0.304611795,,,,,,
509,0.202733571,0.39984375,75.98,0.30105147,0.304129038,,,,,,
510,0.202740267,0.4040625,75.62,0.3008874,0.304266631,,,,,,
511,0.202732673,0.4059375,75.14,0.30107352,0.304106698,,,,,,
512,0.202727268,0.4125,75.04,0.301206,0.304422472,,,,,,
513,0.202713008,0.3984375,76.48,0.30155545,0.303635994,,,,,,
514,0.202731287,0.39921875,76.3,0.30110744,0.303923016,,,,,,
515,0.202722966,0.40609375,75.14,0.3013114,0.304376172,,,,,,
516,0.20268717,0.39859375,76.46,0.3021888,0.304056063,,,,,,
517,0.202700728,0.38921875,77.7,0.3018565,0.304042605,,,,,,
518,0.202705536,0.4003125,76.5,0.30173868,0.304018473,,,,,,
519,0.20271509,0.39828125,76.94,0.30150443,0.304227557,,,,,,
520,0.202709178,0.395,77.46,0.30164936,0.303749531,,,,,,
521,0.202664306,0.3825,78.24,0.30274922,0.30380182,,,,,,
522,0.202709555,0.3871875,77.82,0.30164012,0.303364025,,,,,,
523,0.20270718,0.3984375,76.5,0.30169836,0.303841953,,,,,,
524,0.202719911,0.39375,76.94,0.30138627,0.304008335,,,,,,
525,0.202682517,0.385,78.54,0.30230284,0.304181588,0.32502079,0.4453125,0.5625,0.29981846,0.305723382,6.2857013
526,0.202683281,0.38484375,78.64,0.3022841,0.303664771,,,,,,
527,0.202692192,0.38734375,78.14,0.30206567,0.303679941,,,,,,
528,0.202665196,0.3753125,79.66,0.30272734,0.303222431,,,,,,
529,0.202677891,0.3840625,78.6,0.30241624,0.30336867,,,,,,
530,0.202668262,0.38515625,78.26,0.30265218,0.303630589,,,,,,
531,0.202650417,0.37546875,79.28,0.30308962,0.303189833,,,,,,
532,0.202650179,0.37625,79.5,0.30309546,0.303308345,,,,,,
533,0.20267086,0.38109375,78.68,0.30258852,0.303824023,,,,,,
534,0.202666214,0.3853125,78.34,0.30270243,0.30358273,,,,,,
535,0.202675226,0.386875,77.64,0.30248156,0.303485869,,,,,,
536,0.202663163,0.37140625,79.64,0.30277717,0.303068364,,,,,,
537,0.202645189,0.38078125,79.2,0.3032177,0.303413091,,,,,,
538,0.202656752,0.37703125,79.16,0.3029343,0.303543832,,,,,,
539,0.202666958,0.3859375,78.22,0.30268413,0.30313501,,,,,,
540,0.202636625,0.36234375,80.94,0.30342767,0.302742437,,,,,,
541,0.202653515,0.37390625,79.86,0.30301368,0.303123384,,,,,,
542,0.2026492,0.373125,79.9,0.30311948,0.303276244,,,,,,
543,0.202629585,0.37,80.2,0.30360022,0.303025836,,,,,,
544,0.202646394,0.373125,79.5,0.3031882,0.30303879,,,,,,
545,0.202644145,0.37453125,80,0.30324343,0.303042331,,,,,,
546,0.202653388,0.36875,80.06,0.30301678,0.303000161,,,,,,
547,0.202642608,0.379375,78.58,0.30328098,0.303271849,,,,,,
548,0.202602606,0.359375,81.98,0.3042615,0.302721533,,,,,,
549,0.202593966,0.3596875,81.68,0.30447325,0.302726001,,,,,,
550,0.20263755,0.37828125,79.32,0.3034049,0.302965795,0.322818905,0.3515625,0.671875,0.30387515,0.302866913,6.5458074
551,0.202617598,0.36203125,81.24,0.30389404,0.302996711,,,,,,
552,0.202609738,0.369375,80.44,0.30408666,0.302907672,,,,,,
553,0.202613984,0.3615625,81.32,0.30398256,0.302627165,,,,,,
554,0.202598498,0.36421875,80.7,0.3043621,0.302857572,,,,,,
555,0.202598834,0.35703125,81.82,0.30435383,0.30251954,,,,,,
556,0.202628558,0.36921875,80.22,0.3036254,0.302640162,,,,,,
557,0.202609124,0.3559375,82.26,0.30410177,0.3024053,,,,,,
558,0.202611133,0.3615625,80.72,0.3040524,0.302906581,,,,,,
559,0.202627268,0.35703125,81.58,0.30365697,0.302727076,,,,,,
560,0.202606267,0.354375,82.06,0.30417174,0.302621754,,,,,,
561,0.202587886,0.3590625,81.86,0.3046223,0.302588305,,,,,,
562,0.202605729,0.3571875,81.66,0.3041849,0.302232877,,,,,,
563,0.20257409,0.34609375,83.16,0.30496037,0.302362996,,,,,,
564,0.202580585,0.35609375,82.12,0.3048012,0.302486693,,,,,,
565,0.202602365,0.34953125,82.56,0.30426744,0.302268824,,,,,,
566,0.202584402,0.35671875,82.06,0.30470762,0.302337301,,,,,,
567,0.202572799,0.34640625,83.12,0.30499208,0.302437726,,,,,,
568,0.202562495,0.35171875,82.58,0.30524457,0.302597495,,,,,,
569,0.202606465,0.35015625,82.34,0.30416685,0.302653465,,,,,,
570,0.202590019,0.35625,81.88,0.30457,0.302641789,,,,,,
571,0.202567487,0.3496875,82.94,0.30512226,0.302635874,,,,,,
572,0.202537881,0.3465625,83.12,0.30584776,0.302387584,,,,,,
573,0.202562414,0.34640625,82.86,0.30524665,0.30218549,,,,,,
574,0.202583726,0.350625,82.52,0.30472422,0.302371725,,,,,,
575,0.202557884,0.33640625,84.34,0.30535764,0.301950781,0.321609706,0.375,0.640625,0.30529016,0.30265814,6.7948294
576,0.202556547,0.33328125,84.5,0.30539033,0.302071939,,,,,,
577,0.202560609,0.33234375,85.26,0.30529088,0.301773096,,,,,,
578,0.20252554,0.3290625,85.7,0.3061504,0.301909977,,,,,,
579,0.202553774,0.340625,84.22,0.30545834,0.302213639,,,,,,
580,0.202542822,0.33765625,84.08,0.30572677,0.301956298,,,,,,
581,0.202564958,0.34203125,83.22,0.30518427,0.302519695,,,,,,
582,0.202551772,0.34359375,83.78,0.30550736,0.302362572,,,,,,
583,0.202542787,0.33640625,84.6,0.30572772,0.301649687,,,,,,
584,0.202537085,0.33796875,84.4,0.30586746,0.301882483,,,,,,
585,0.202536249,0.34,83.84,0.30588794,0.302145699,,,,,,
586,0.202548775,0.3353125,84.76,0.3055809,0.301638386,,,,,,
587,0.202549937,0.33078125,85.42,0.30555248,0.301937047,,,,,,
588,0.202527785,0.33296875,85.04,0.3060954,0.301721966,,,,,,
589,0.202536553,0.3328125,84.8,0.30588046,0.301734377,,,,,,
590,0.202544721,0.33484375,84.84,0.3056803,0.301809744,,,,,,
591,0.202523634,0.32921875,85.54,0.30619708,0.301729936,,,,,,
592,0.202542403,0.33421875,84.8,0.30573705,0.301907597,,,,,,
593,0.202507397,0.3209375,86,0.3065951,0.301738681,,,,,,
594,0.202502834,0.3228125,86.34,0.30670688,0.301468329,,,,,,
595,0.202504463,0.330625,85.32,0.30666703,0.301775165,,,,,,
596,0.202519517,0.32234375,86.06,0.30629805,0.301535561,,,,,,
597,0.202514791,0.328125,85.4,0.30641383,0.301723123,,,,,,
598,0.202498011,0.3209375,86.56,0.3068251,0.301355632,,,,,,
599,0.202525001,0.3265625,85.66,0.30616367,0.301753462,,,,,,
600,0.202503189,0.31703125,86.5,0.30669823,0.301477814,0.321297944,0.34765625,0.640625,0.30802014,0.300432683,7.034581
601,0.202498306,0.3140625,87.3,0.30681798,0.300838591,,,,,,
602,0.202504799,0.316875,86.86,0.30665872,0.301238642,,,,,,
603,0.20249688,0.32234375,86.62,0.30685285,0.301070154,,,,,,
604,0.202512366,0.320625,86.3,0.30647326,0.301643509,,,,,,
605,0.202488879,0.3128125,87.22,0.30704898,0.301019676,,,,,,
606,0.202483144,0.31453125,87.66,0.30718955,0.301188126,,,,,,
607,0.202486311,0.30890625,88.02,0.30711186,0.301102133,,,,,,
608,0.202478886,0.31265625,87.78,0.30729395,0.301052624,,,,,,
609,0.202486755,0.3115625,87.34,0.307101,0.301393949,,,,,,
610,0.202478476,0.31125,87.72,0.30730402,0.301373965,,,,,,
611,0.202483517,0.3153125,87.36,0.30718032,0.301212525,,,,,,
612,0.202482141,0.313125,87.48,0.30721408,0.301141717,,,,,,
613,0.202468272,0.31390625,87.78,0.307554,0.30121756,,,,,,
614,0.202456342,0.3121875,87.86,0.30784643,0.300981791,,,,,,
615,0.202452661,0.29890625,89.04,0.3079367,0.300895016,,,,,,
616,0.202461474,0.30609375,88.46,0.3077207,0.300874091,,,,,,
617,0.202469411,0.3065625,88.5,0.30752617,0.300781099,,,,,,
618,0.202440176,0.299375,89.34,0.30824265,0.300420125,,,,,,
619,0.202479496,0.3134375,87.32,0.307279,0.301231095,,,,,,
620,0.20245966,0.30859375,88.16,0.3077652,0.301005641,,,,,,
621,0.202472414,0.310625,87.92,0.3074525,0.300951059,,,,,,
622,0.202440849,0.2946875,89.78,0.30822617,0.300622192,,,,,,
623,0.202463166,0.30609375,87.94,0.30767933,0.300622263,,,,,,
624,0.202500526,0.316875,86.72,0.30676347,0.301221012,,,,,,
625,0.202451652,0.295625,89.5,0.30796137,0.300713816,0.318595558,0.27734375,0.73046875,0.30919126,0.299969326,7.261253
626,0.202465501,0.3078125,88.28,0.30762202,0.300898635,,,,,,
627,0.202440207,0.30078125,89.1,0.30824196,0.300895197,,,,,,
628,0.202450153,0.30875,88.22,0.30799815,0.300903013,,,,,,
629,0.202441475,0.29609375,89.54,0.30821088,0.300737538,,,,,,
630,0.202427814,0.294375,89.56,0.3085457,0.300323771,,,,,,
631,0.202432712,0.29625,89.4,0.30842564,0.300485795,,,,,,
632,0.202439089,0.291875,90.18,0.3082694,0.300440056,,,,,,
633,0.202433548,0.29515625,89.6,0.3084051,0.30062217,,,,,,
634,0.202449002,0.30578125,88.58,0.3080264,0.300938158,,,,,,
635,0.202410271,0.28703125,90.9,0.30897573,0.300105851,,,,,,
636,0.202427368,0.29265625,89.74,0.3085566,0.300418896,,,,,,
637,0.202436636,0.2903125,90.44,0.30832946,0.30039261,,,,,,
638,0.202409937,0.2890625,90.44,0.3089839,0.300277154,,,,,,
639,0.202446055,0.29671875,89.74,0.3080986,0.30059131,,,,,,
640,0.202431254,0.29640625,90.02,0.3084613,0.300732395,,,,,,
641,0.202433362,0.2878125,90.76,0.30840972,0.300733548,,,,,,
642,0.202418411,0.2803125,91.32,0.3087762,0.300015585,,,,,,
643,0.202425129,0.29609375,89.7,0.30861145,0.300596287,,,,,,
644,0.202431318,0.2853125,90.64,0.3084598,0.300312752,,,,,,
645,0.202431809,0.29296875,89.68,0.3084478,0.300595994,,,,,,
646,0.202407876,0.28109375,91.54,0.30903444,0.300247703,,,,,,
647,0.202424253,0.28984375,90.54,0.30863294,0.300378265,,,,,,
648,0.202408701,0.2909375,90.42,0.30901414,0.300377139,,,,,,
649,0.20241841,0.2903125,90.88,0.3087762,0.300503356,,,,,,
650,0.20242314,0.2946875,90.32,0.3086604,0.300252541,0.319705933,0.3203125,0.7109375,0.30951542,0.301091131,7.47952
651,0.20238127,0.27953125,91.68,0.30968657,0.300227716,,,,,,
652,0.202398939,0.27984375,91.84,0.30925333,0.300093737,,,,,,
653,0.202397616,0.283125,91.86,0.3092859,0.300090932,,,,,,
654,0.202393381,0.2803125,91.46,0.30938965,0.299969083,,,,,,
655,0.202410778,0.2778125,91.8,0.30896327,0.299866619,,,,,,
656,0.202387719,0.2834375,91.46,0.3095285,0.299913043,,,,,,
657,0.202388459,0.2884375,90.94,0.30951038,0.300407903,,,,,,
658,0.202376945,0.27765625,92.08,0.30979255,0.299863064,,,,,,
659,0.202390261,0.27796875,91.98,0.30946618,0.299727773,,,,,,
660,0.202365493,0.26703125,93.4,0.31007323,0.29930968,,,,,,
661,0.202402849,0.2859375,91.8,0.3091576,0.300217867,,,,,,
662,0.202385854,0.2759375,92.26,0.30957416,0.299769845,,,,,,
663,0.202386718,0.275625,92.4,0.3095529,0.300281056,,,,,,
664,0.202373956,0.27140625,92.7,0.3098657,0.299782753,,,,,,
665,0.202381058,0.2703125,93.04,0.30969173,0.299587389,,,,,,
666,0.202375073,0.27671875,92,0.30983847,0.299900163,,,,,,
667,0.202351904,0.26640625,93.7,0.31040627,0.299594143,,,,,,
668,0.202346263,0.26421875,93.86,0.3105446,0.299766564,,,,,,
669,0.202371571,0.27046875,92.98,0.3099243,0.299389912,,,,,,
670,0.202363629,0.26421875,93.84,0.3101189,0.299378881,,,,,,
671,0.202355272,0.27046875,93.2,0.3103237,0.29936182,,,,,,
672,0.202355675,0.26890625,93.6,0.31031373,0.29945654,,,,,,
673,0.20236878,0.26421875,93.92,0.30999267,0.299452792,,,,,,
674,0.202364577,0.2621875,94.38,0.31009567,0.29959989,,,,,,
675,0.202346433,0.26203125,94.48,0.31054038,0.29965221,0.318968326,0.26171875,0.73828125,0.3103068,0.298082824,7.6839976
676,0.20237277,0.275625,92.38,0.30989483,0.299821941,,,,,,
677,0.202339948,0.263125,93.7,0.31069934,0.299588864,,,,,,
678,0.202331221,0.2696875,93.24,0.31091323,0.299730041,,,,,,
679,0.202354325,0.27,93.34,0.3103469,0.299597777,,,,,,
680,0.202352417,0.265625,93.74,0.31039372,0.299311338,,,,,,
681,0.202357649,0.2596875,93.92,0.31026554,0.299143104,,,,,,
682,0.202358961,0.26421875,93.96,0.31023332,0.298979369,,,,,,
683,0.202327522,0.26515625,94,0.3110039,0.29915234,,,,,,
684,0.202339788,0.259375,94.04,0.31070328,0.299336517,,,,,,
685,0.20234034,0.26265625,93.76,0.31068984,0.299275553,,,,,,
686,0.202326738,0.25734375,94.54,0.3110231,0.298905534,,,,,,
687,0.20235833,0.27359375,92.52,0.3102488,0.299616242,,,,,,
688,0.202341922,0.25953125,94.26,0.31065097,0.299189502,,,,,,
689,0.202351514,0.26453125,93.94,0.31041577,0.299329403,,,,,,
690,0.202329335,0.2621875,93.94,0.31095943,0.299554057,,,,,,
691,0.202347405,0.2715625,93.12,0.31051654,0.299507729,,,,,,
692,0.202317933,0.253125,95.52,0.31123888,0.298952339,,,,,,
693,0.202344505,0.26265625,94.12,0.3105876,0.299275202,,,,,,
694,0.202334819,0.259375,94.64,0.31082505,0.298947002,,,,,,
695,0.202353543,0.26859375,93.5,0.31036603,0.299391046,,,,,,
696,0.202333315,0.26078125,94.46,0.31086195,0.298937659,,,,,,
697,0.202319568,0.25328125,95.54,0.31119874,0.299096652,,,,,,
698,0.202315713,0.24890625,96.14,0.31129342,0.298842052,,,,,,
699,0.202326522,0.26140625,94.82,0.31102842,0.29887931,,,,,,
700,0.2023131,0.25125,95.5,0.3113575,0.29916712,0.317382008,0.27734375,0.734375,0.3127632,0.299597298,7.88065
701,0.202298352,0.2471875,96.24,0.31171894,0.299095368,,,,,,
702,0.202320835,0.25859375,94.58,0.3111678,0.29870786,,,,,,
703,0.202314376,0.255,94.96,0.3113262,0.299057632,,,,,,
704,0.202313861,0.2603125,94.84,0.3113388,0.299012772,,,,,,
705,0.202305003,0.26171875,94.62,0.3115559,0.299054969,,,,,,
706,0.202283511,0.2490625,96.32,0.31208268,0.2984986,,,,,,
707,0.202294194,0.246875,96.18,0.3118208,0.298592378,,,,,,
708,0.2023203,0.2565625,95.06,0.3111809,0.298872661,,,,,,
709,0.202296124,0.25,95.66,0.31177348,0.298527228,,,,,,
710,0.202314019,0.254375,94.76,0.3113349,0.298877528,,,,,,
711,0.202290909,0.24734375,95.98,0.31190148,0.298880157,,,,,,
712,0.202294592,0.2496875,95.98,0.3118111,0.29855934,,,,,,
713,0.202308663,0.25,95.84,0.31146616,0.298689162,,,,,,
714,0.202297195,0.24828125,96.04,0.31174722,0.298651281,,,,,,
715,0.202302094,0.24828125,95.9,0.3116271,0.298843332,,,,,,
716,0.20229471,0.25,96.04,0.3118082,0.299024828,,,,,,
717,0.202302774,0.25171875,95.6,0.3116104,0.298929266,,,,,,
718,0.202292105,0.24578125,96.16,0.31187198,0.298699456,,,,,,
719,0.20229405,0.255,95.24,0.31182438,0.298806489,,,,,,
720,0.202308816,0.2503125,95.58,0.31146246,0.298787401,,,,,,
721,0.202296104,0.24765625,95.88,0.31177393,0.298391765,,,,,,
722,0.202293693,0.2534375,95.22,0.31183302,0.298805996,,,,,,
723,0.202279801,0.25,96.12,0.31217355,0.29870474,,,,,,
724,0.202261235,0.24078125,97.38,0.31262866,0.298519605,,,,,,
725,0.20228913,0.239375,96.64,0.31194493,0.29836435,0.319704324,0.28125,0.72265625,0.30980867,0.300669582,8.070448
726,0.202271335,0.24140625,96.9,0.3123811,0.298430957,,,,,,
727,0.202265127,0.2353125,97.58,0.31253326,0.298266366,,,,,,
728,0.202277185,0.2409375,96.86,0.31223765,0.298509786,,,,,,
729,0.202265349,0.238125,97.48,0.31252778,0.298118728,,,,,,
730,0.202283101,0.23375,97.48,0.3120927,0.298220654,,,,,,
731,0.202295096,0.244375,96.32,0.3117987,0.298613908,,,,,,
732,0.202278866,0.24015625,96.96,0.31219652,0.298460571,,,,,,
733,0.20227024,0.24046875,97.1,0.31240785,0.298219924,,,,,,
734,0.202267078,0.23484375,97.48,0.3124854,0.298210843,,,,,,
735,0.202260437,0.24171875,97.02,0.31264818,0.298457522,,,,,,
736,0.202267993,0.23640625,97.44,0.31246305,0.298358102,,,,,,
737,0.202288208,0.2453125,96.22,0.31196746,0.298604295,,,,,,
738,0.202275923,0.23515625,97.4,0.31226856,0.298376758,,,,,,
739,0.202259726,0.23546875,97.72,0.31266555,0.298300902,,,,,,
740,0.202264169,0.23625,97.6,0.3125567,0.298158638,,,,,,
741,0.202246598,0.23578125,97.9,0.31298742,0.298092045,,,,,,
742,0.202269306,0.24578125,96.28,0.3124308,0.298393034,,,,,,
743,0.202260459,0.2371875,97.66,0.31264764,0.29780428,,,,,,
744,0.202246547,0.23875,97.22,0.31298867,0.297855635,,,,,,
745,0.202261392,0.23890625,97.26,0.31262475,0.298132288,,,,,,
746,0.202243084,0.234375,97.5,0.31307352,0.298126906,,,,,,
747,0.202269735,0.2415625,96.46,0.31242028,0.298089349,,,,,,
748,0.202246563,0.230625,98.32,0.31298825,0.297654582,,,,,,
749,0.202258698,0.2425,96.24,0.31269082,0.298092986,,,,,,
750,0.20222959,0.23625,97.8,0.3134042,0.298080274,0.317380816,0.234375,0.7578125,0.31291497,0.297677878,8.251905
751,0.202236339,0.2328125,98,0.31323892,0.297979361,,,,,,
752,0.202249234,0.231875,98.08,0.3129227,0.297612596,,,,,,
753,0.202242894,0.230625,98.26,0.31307822,0.297780324,,,,,,
754,0.202244085,0.2240625,99,0.31304896,0.297836025,,,,,,
755,0.202248014,0.236875,97.12,0.31295276,0.297947186,,,,,,
756,0.202234931,0.2271875,98.52,0.31327334,0.297646616,,,,,,
757,0.202234941,0.22828125,98.56,0.31327313,0.29767597,,,,,,
758,0.20223316,0.22546875,98.86,0.31331673,0.298006716,,,,,,
759,0.202234867,0.2165625,99.38,0.3132749,0.29785939,,,,,,
760,0.202236574,0.2290625,98.16,0.3132331,0.297838506,,,,,,
761,0.202238557,0.22328125,98.86,0.3131845,0.29759502,,,,,,
762,0.202222115,0.22421875,99.02,0.31358752,0.297549016,,,,,,
763,0.202238398,0.225,98.58,0.31318843,0.297704763,,,,,,
764,0.202228017,0.21984375,99.5,0.3134429,0.29714155,,,,,,
765,0.202206378,0.21921875,99.76,0.3139732,0.297302235,,,,,,
766,0.202237625,0.23578125,97.22,0.31320736,0.297806074,,,,,,
767,0.202226317,0.23125,98.44,0.3134845,0.297979865,,,,,,
768,0.20223853,0.22890625,98.22,0.31318516,0.297470307,,,,,,
769,0.202226012,0.23015625,97.98,0.31349197,0.297839147,,,,,,
770,0.202249513,0.2325,97.72,0.31291598,0.298374935,,,,,,
771,0.202222178,0.21984375,99.38,0.31358597,0.297092225,,,,,,
772,0.202215486,0.2196875,99.42,0.31374997,0.297230765,,,,,,
773,0.202223471,0.2234375,99.1,0.31355426,0.296965537,,,,,,
774,0.202237544,0.23,98.78,0.3132093,0.297157242,,,,,,
775,0.202205624,0.2265625,98.88,0.3139917,0.298009462,0.317629367,0.234375,0.76171875,0.31274465,0.295552093,8.426454
776,0.202229818,0.22734375,98.72,0.31339866,0.297746922,,,,,,
777,0.202213249,0.22203125,99.52,0.3138048,0.297526923,,,,,,
778,0.202198698,0.22,99.5,0.31416148,0.297170157,,,,,,
779,0.202222371,0.22328125,99.06,0.31358123,0.297258029,,,,,,
780,0.202209173,0.230625,97.92,0.31390476,0.297666335,,,,,,
781,0.202202308,0.21203125,100.42,0.31407294,0.296991518,,,,,,
782,0.202227449,0.22484375,98.76,0.31345668,0.297352471,,,,,,
783,0.202196228,0.21640625,100.02,0.314222,0.29747021,,,,,,
784,0.202197465,0.21625,100.08,0.31419158,0.297094017,,,,,,
785,0.202210432,0.2203125,99.3,0.31387386,0.297130895,,,,,,
786,0.202198397,0.21625,99.74,0.31416878,0.297107576,,,,,,
787,0.202226194,0.22390625,98.8,0.3134875,0.296939666,,,,,,
788,0.202199431,0.22390625,99.8,0.3141435,0.297139292,,,,,,
789,0.202191853,0.2234375,98.9,0.31432927,0.297279663,,,,,,
790,0.202204285,0.2225,99.5,0.31402457,0.297108466,,,,,,
791,0.202195774,0.2246875,99.28,0.31423312,0.297419802,,,,,,
792,0.202201355,0.21609375,100.06,0.31409627,0.297116414,,,,,,
793,0.202173997,0.211875,100.3,0.31476682,0.296263609,,,,,,
794,0.202196428,0.2171875,99.74,0.31421706,0.297236311,,,,,,
795,0.202182949,0.21125,100.86,0.31454742,0.296965112,,,,,,
796,0.202214118,0.228125,98.56,0.3137835,0.297461883,,,,,,
797,0.202202764,0.22125,99.18,0.31406173,0.297360719,,,,,,
798,0.202181057,0.20984375,100.46,0.31459385,0.29693042,,,,,,
799,0.20217873,0.2115625,100.5,0.3146509,0.29690014,,,,,,
800,0.202202062,0.2215625,99.22,0.31407902,0.297037334,0.318651885,0.23046875,0.78125,0.31364834,0.298824355,8.5961685
801,0.202192819,0.2140625,100,0.31430554,0.297049473,,,,,,
802,0.202184707,0.21359375,100.56,0.31450444,0.296787174,,,,,,
803,0.202193356,0.2140625,100.26,0.3142924,0.296867107,,,,,,
804,0.202173653,0.21421875,100.12,0.31477532,0.296875924,,,,,,
805,0.202192312,0.21625,99.94,0.31431797,0.296573347,,,,,,
806,0.202174715,0.21578125,99.92,0.3147493,0.297094829,,,,,,
807,0.20218685,0.21890625,99.82,0.3144518,0.297156507,,,,,,
808,0.202192935,0.21640625,99.72,0.31430268,0.297081316,,,,,,
809,0.202173675,0.218125,99.8,0.31477466,0.296914787,,,,,,
810,0.202169023,0.21453125,100.46,0.31488878,0.29683036,,,,,,
811,0.202192687,0.223125,99.3,0.31430876,0.297223024,,,,,,
812,0.202182092,0.21796875,100.14,0.3145685,0.296615836,,,,,,
813,0.202170823,0.2146875,100.08,0.31484473,0.296853163,,,,,,
814,0.20218364,0.2096875,100.66,0.31453055,0.296580229,,,,,,
815,0.202172265,0.218125,99.84,0.31480926,0.296879351,,,,,,
816,0.20217234,0.221875,99.4,0.3148075,0.297131954,,,,,,
817,0.202161224,0.214375,100.3,0.31507993,0.296614238,,,,,,
818,0.202175067,0.2209375,99.78,0.31474063,0.296808119,,,,,,
819,0.20216323,0.20875,100.64,0.31503075,0.296315251,,,,,,
820,0.202148375,0.21265625,100.64,0.31539485,0.296684878,,,,,,
821,0.202151045,0.21015625,100.96,0.3153295,0.296929203,,,,,,
822,0.202155982,0.20109375,101.74,0.3152084,0.296225427,,,,,,
823,0.202150194,0.21625,100.06,0.31535023,0.296665451,,,,,,
824,0.202142454,0.20515625,101.52,0.31554002,0.29634645,,,,,,
825,0.202163381,0.21734375,100,0.31502706,0.296665829,0.317592621,0.2421875,0.76171875,0.315381,0.297875775,8.761269
826,0.202161635,0.21046875,100.5,0.31506982,0.296575755,,,,,,
827,0.202159024,0.21375,100.64,0.31513393,0.296658842,,,,,,
828,0.202150289,0.2065625,101.26,0.31534797,0.296871771,,,,,,
829,0.202140675,0.215,100.26,0.31558362,0.296646474,,,,,,
830,0.202136059,0.20015625,101.94,0.3156967,0.296249468,,,,,,
831,0.202146171,0.20828125,101.56,0.31544882,0.296283445,,,,,,
832,0.202128347,0.20421875,101.62,0.3158858,0.296364036,,,,,,
833,0.202153144,0.2071875,101.2,0.31527802,0.296394759,,,,,,
834,0.202149073,0.2096875,101.08,0.31537777,0.29642755,,,,,,
835,0.202154602,0.21125,100.7,0.3152422,0.296136631,,,,,,
836,0.202164543,0.21578125,100.24,0.31499863,0.296625887,,,,,,
837,0.202149937,0.20578125,101.3,0.31535652,0.295934776,,,,,,
838,0.202155622,0.209375,100.2,0.3152172,0.296050157,,,,,,
839,0.202141464,0.2075,101.16,0.31556424,0.296105089,,,,,,
840,0.202143006,0.2075,101.28,0.31552652,0.296252497,,,,,,
841,0.202153704,0.214375,100.46,0.31526434,0.296225956,,,,,,
842,0.202138084,0.2078125,101.16,0.31564716,0.296341673,,,,,,
843,0.202142325,0.2071875,101.26,0.31554317,0.296395484,,,,,,
844,0.202143038,0.2096875,101.48,0.31552568,0.296090356,,,,,,
845,0.202157469,0.21734375,100.02,0.31517196,0.296448339,,,,,,
846,0.202148879,0.209375,100.74,0.31538266,0.29604082,,,,,,
847,0.202134587,0.20484375,101.7,0.31573287,0.296131374,,,,,,
848,0.202122833,0.20046875,101.78,0.31602094,0.295983782,,,,,,
849,0.202139954,0.20328125,101.26,0.31560123,0.296534874,,,,,,
850,0.20213141,0.2015625,101.8,0.3158108,0.295887966,0.317247361,0.19921875,0.8046875,0.316671,0.296199585,8.922802
851,0.202131822,0.20796875,100.82,0.31580064,0.296022007,,,,,,
852,0.202115071,0.2078125,101.28,0.31621113,0.295889616,,,,,,
853,0.202109199,0.200625,102.16,0.31635514,0.29569153,,,,,,
854,0.202138803,0.20125,101.68,0.31562957,0.295557665,,,,,,
855,0.202124877,0.19828125,102.08,0.31597087,0.295655316,,,,,,
856,0.202119239,0.20015625,101.84,0.3161091,0.29534668,,,,,,
857,0.202134374,0.20171875,101.84,0.31573808,0.295806717,,,,,,
858,0.202103072,0.20828125,101.16,0.31650525,0.296144921,,,,,,
859,0.202110586,0.2075,101.26,0.31632107,0.296128204,,,,,,
860,0.202137992,0.21171875,101,0.3156494,0.29607647,,,,,,
861,0.202121046,0.20796875,101.38,0.31606475,0.296194896,,,,,,
862,0.202108661,0.2025,101.8,0.3163682,0.29604897,,,,,,
863,0.2021074,0.19265625,102.88,0.31639913,0.295537403,,,,,,
864,0.202114715,0.20421875,101.5,0.31621993,0.295969256,,,,,,
865,0.202104085,0.1978125,102.76,0.31648055,0.295820596,,,,,,
866,0.202111998,0.20453125,101.14,0.3162865,0.29583945,,,,,,
867,0.202119049,0.2053125,101.72,0.3161137,0.296102104,,,,,,
868,0.20211732,0.19984375,101.92,0.316156,0.295820128,,,,,,
869,0.202110272,0.19953125,101.84,0.31632882,0.295818167,,,,,,
870,0.202104675,0.1990625,102.12,0.31646597,0.295793912,,,,,,
871,0.20211732,0.196875,102.36,0.31615606,0.295248692,,,,,,
872,0.20211905,0.20125,102.1,0.31611356,0.295749136,,,,,,
873,0.202115134,0.19640625,102.48,0.31620964,0.295548064,,,,,,
874,0.202128421,0.2075,101.22,0.31588393,0.296046471,,,,,,
875,0.20210662,0.20203125,101.68,0.31641835,0.295724581,0.318686455,0.19921875,0.80078125,0.3155356,0.294538096,9.081473
876,0.202104008,0.19953125,102.24,0.31648237,0.295450075,,,,,,
877,0.202112012,0.19734375,102.1,0.3162862,0.295930262,,,,,,
878,0.20209781,0.20015625,102.12,0.31663433,0.295772399,,,,,,
879,0.202107178,0.20515625,101.28,0.31640458,0.295846236,,,,,,
880,0.20211624,0.19859375,102.14,0.3161825,0.295912603,,,,,,
881,0.202098034,0.19625,102.48,0.31662866,0.295748715,,,,,,
882,0.202128236,0.2003125,102.26,0.31588858,0.295691294,,,,,,
883,0.202105985,0.2025,102,0.3164339,0.295797387,,,,,,
884,0.202092223,0.1896875,103.4,0.3167712,0.295284577,,,,,,
885,0.202086118,0.19484375,102.74,0.3169208,0.295494384,,,,,,
886,0.202092511,0.19765625,102.72,0.31676424,0.295174845,,,,,,
887,0.202100362,0.1921875,102.86,0.31657162,0.295540482,,,,,,
888,0.202081742,0.19359375,102.98,0.31702805,0.29547716,,,,,,
889,0.202087091,0.19609375,102.46,0.316897,0.295672635,,,,,,
890,0.202103865,0.20328125,101.7,0.3164858,0.295571151,,,,,,
891,0.202103617,0.20015625,101.98,0.31649193,0.295524191,,,,,,
892,0.20208175,0.19015625,103.54,0.31702793,0.295287459,,,,,,
893,0.202090492,0.1990625,102.22,0.3168136,0.294956858,,,,,,
894,0.202073286,0.20046875,102.02,0.31723535,0.295996407,,,,,,
895,0.202085816,0.1971875,102.76,0.31692827,0.2952408,,,,,,
896,0.202103315,0.1965625,102.64,0.31649926,0.295452133,,,,,,
897,0.202078564,0.188125,103.48,0.31710595,0.294822668,,,,,,
898,0.202095059,0.20234375,101.82,0.31670165,0.295616947,,,,,,
899,0.20207597,0.1971875,102.84,0.31716955,0.295524259,,,,,,
900,0.202097391,0.20265625,101.52,0.31664455,0.295631755,0.318264097,0.16796875,0.828125,0.31585306,0.296312883,9.236228
901,0.202101005,0.20078125,102.08,0.31655595,0.295628,,,,,,
902,0.202081347,0.19171875,103.2,0.31703782,0.294931825,,,,,,
903,0.202072394,0.18890625,103.24,0.31725723,0.295249267,,,,,,
904,0.202077775,0.1915625,103.14,0.31712532,0.294968789,,,,,,
905,0.202080586,0.19484375,102.78,0.31705645,0.29508912,,,,,,
906,0.202082353,0.19109375,103.36,0.31701308,0.295119684,,,,,,
907,0.202067297,0.19265625,103.06,0.31738216,0.295427145,,,,,,
908,0.202090567,0.19484375,103.02,0.3168117,0.29499114,,,,,,
909,0.202060358,0.183125,103.98,0.3175522,0.294768919,,,,,,
910,0.202079924,0.185625,104.26,0.31707263,0.295110762,,,,,,
911,0.202068567,0.1915625,103.28,0.317351,0.29569137,,,,,,
912,0.202074063,0.19390625,102.78,0.3172163,0.294656109,,,,,,
913,0.202087426,0.18921875,103.56,0.31688872,0.295022125,,,,,,
914,0.202065205,0.19421875,103.04,0.31743345,0.295344916,,,,,,
915,0.202067489,0.184375,104.18,0.3173774,0.295068729,,,,,,
916,0.202064133,0.1921875,103.4,0.31745973,0.295005216,,,,,,
917,0.202078164,0.19125,103.62,0.31711575,0.295428946,,,,,,
918,0.202074121,0.190625,103.56,0.3172149,0.295247692,,,,,,
919,0.20207452,0.194375,103.32,0.31720513,0.295374972,,,,,,
920,0.202066717,0.19171875,103.3,0.31739634,0.295117495,,,,,,
921,0.202078422,0.19546875,103.1,0.3171094,0.295196166,,,,,,
922,0.202061248,0.18453125,104.26,0.31753036,0.294917918,,,,,,
923,0.202073623,0.1928125,103.5,0.31722707,0.295166193,,,,,,
924,0.202067338,0.18875,103.86,0.31738102,0.295431901,,,,,,
925,0.202043502,0.18328125,104.38,0.31796542,0.294677792,0.318977922,0.23828125,0.76953125,0.3149019,0.29634006,9.387769
926,0.202037108,0.1771875,105.44,0.31812215,0.29459016,,,,,,
927,0.202053409,0.18671875,103.62,0.31772238,0.294747859,,,,,,
928,0.20206138,0.18703125,104.06,0.31752712,0.295004122,,,,,,
929,0.202056017,0.19375,103.54,0.31765863,0.295090717,,,,,,
930,0.20204033,0.17953125,104.78,0.31804314,0.294570525,,,,,,
931,0.202058231,0.18625,104.22,0.31760436,0.294786412,,,,,,
932,0.20204277,0.18796875,104.06,0.31798333,0.294772318,,,,,,
933,0.202055689,0.1878125,103.58,0.31766668,0.29504655,,,,,,
934,0.202059462,0.185,104.56,0.31757417,0.294831077,,,,,,
935,0.202044503,0.18921875,103.58,0.3179408,0.295019397,,,,,,
936,0.202059782,0.19,103.76,0.3175663,0.29524177,,,,,,
937,0.202058405,0.1896875,103.94,0.3176001,0.294727371,,,,,,
938,0.202035442,0.19578125,103.76,0.3181629,0.295169088,,,,,,
939,0.202034979,0.184375,104.16,0.31817424,0.294334327,,,,,,
940,0.202057903,0.18484375,104.6,0.3176124,0.294831603,,,,,,
941,0.202049998,0.1871875,104.18,0.31780618,0.294446012,,,,,,
942,0.202043834,0.18765625,104.16,0.3179572,0.294794556,,,,,,
943,0.202025775,0.18234375,104.8,0.31839994,0.294466574,,,,,,
944,0.202021933,0.17375,105.68,0.31849396,0.294242611,,,,,,
945,0.202037806,0.17890625,104.9,0.31810495,0.294397857,,,,,,
946,0.202036635,0.175625,105.52,0.31813365,0.294556366,,,,,,
947,0.20202507,0.1759375,105.54,0.3184171,0.294514804,,,,,,
948,0.202025787,0.17578125,105.42,0.31839955,0.294558293,,,,,,
949,0.202016281,0.17578125,105.6,0.31863257,0.294191191,,,,,,
950,0.202063336,0.18625,103.98,0.31747916,0.294377735,0.316747308,0.1953125,0.796875,0.31767946,0.295485457,9.534799
951,0.202045289,0.1884375,103.82,0.31792146,0.294551698,,,,,,
952,0.202049068,0.1915625,103.26,0.31782895,0.294887449,,,,,,
953,0.202040541,0.185625,104.38,0.31803802,0.294982694,,,,,,
954,0.202043494,0.18671875,104.32,0.31796566,0.294475079,,,,,,
955,0.202027574,0.179375,104.92,0.31835574,0.294181865,,,,,,
956,0.202019607,0.17890625,105.3,0.31855103,0.294583763,,,,,,
957,0.202032616,0.1796875,105.02,0.31823218,0.294329937,,,,,,
958,0.202011398,0.17875,105.64,0.31875226,0.294722034,,,,,,
959,0.202018894,0.17296875,106.16,0.31856847,0.29413999,,,,,,
960,0.202041629,0.18421875,104.56,0.3180112,0.294757926,,,,,,
961,0.202037366,0.17984375,104.86,0.3181158,0.29432861,,,,,,
962,0.202036271,0.18140625,104.84,0.3181426,0.294579179,,,,,,
963,0.202016104,0.1759375,105.84,0.31863692,0.294411932,,,,,,
964,0.202020127,0.175,105.92,0.31853825,0.294063784,,,,,,
965,0.202020815,0.1753125,105.36,0.31852138,0.293841714,,,,,,
966,0.202022471,0.17890625,105.06,0.31848082,0.294476532,,,,,,
967,0.202003336,0.17578125,106.04,0.31894988,0.293892174,,,,,,
968,0.202028557,0.1796875,104.54,0.3183316,0.294079606,,,,,,
969,0.202022033,0.18328125,104.88,0.31849158,0.294353952,,,,,,
970,0.202020861,0.18390625,104.6,0.3185203,0.294695249,,,,,,
971,0.202010949,0.171875,106.04,0.31876317,0.293704171,,,,,,
972,0.202031053,0.178125,105.34,0.31827053,0.294209229,,,,,,
973,0.202012435,0.1715625,106.22,0.3187268,0.293979763,,,,,,
974,0.201990314,0.170625,106.34,0.31926897,0.293618273,,,,,,
975,0.202024013,0.1775,105.18,0.3184431,0.293984323,0.318326473,0.2109375,0.80859375,0.3168904,0.295282209,9.680105
976,0.202024246,0.18046875,104.92,0.31843743,0.294423825,,,,,,
977,0.201988006,0.16859375,106.64,0.3193256,0.293804156,,,,,,
978,0.202005909,0.1659375,106.62,0.31888688,0.293852242,,,,,,
979,0.202015635,0.1753125,105.38,0.31864834,0.293882703,,,,,,
980,0.201988964,0.1725,106.02,0.31930208,0.293872886,,,,,,
981,0.201986728,0.17265625,106.12,0.31935695,0.293953765,,,,,,
982,0.20202064,0.17609375,105.72,0.3185257,0.294282641,,,,,,
983,0.201997474,0.1696875,106.02,0.3190935,0.294018162,,,,,,
984,0.202005953,0.18515625,104.62,0.3188857,0.294505112,,,,,,
985,0.201990874,0.17609375,106.06,0.31925523,0.294098552,,,,,,
986,0.201994973,0.17078125,105.94,0.31915483,0.293697274,,,,,,
987,0.201990974,0.179375,105.5,0.31925285,0.294101532,,,,,,
988,0.20199189,0.17078125,106.62,0.3192304,0.293991041,,,,,,
989,0.201981388,0.1665625,107.06,0.31948775,0.293712415,,,,,,
990,0.201999415,0.17015625,105.96,0.319046,0.294030005,,,,,,
991,0.202005124,0.17375,106.08,0.318906,0.294133081,,,,,,
992,0.201999248,0.1765625,105.68,0.31905007,0.293711807,,,,,,
993,0.201995627,0.16828125,106.16,0.31913877,0.293920382,,,,,,
994,0.202014931,0.170625,106,0.3186656,0.29394798,,,,,,
995,0.201992548,0.1746875,105.4,0.31921434,0.293960153,,,,,,
996,0.202003624,0.17203125,105.76,0.31894273,0.293901765,,,,,,
997,0.201994959,0.16734375,106.46,0.31915513,0.293830796,,,,,,
998,0.201995104,0.17453125,105.62,0.31915164,0.294060032,,,,,,
999,0.201991933,0.170625,106.3,0.31922933,0.29380991,,,,,,